model_name,fold,final_accuracy,final_loss,best_accuracy,best_loss,epochs_trained,training_time_seconds,model_size_mb,timestamp,learning_rate,batch_size,weight_decay,warmup_steps,accuracy,precision,recall,f1_score,ham_precision,ham_recall,ham_f1_score,ham_support,spam_precision,spam_recall,spam_f1_score,spam_support,macro_avg_precision,macro_avg_recall,macro_avg_f1_score,macro_avg_support,weighted_avg_precision,weighted_avg_recall,weighted_avg_f1_score,weighted_avg_support,final_train_loss,final_train_accuracy,final_val_loss,final_val_accuracy
Bert + Deit,1,0.617,0.658,0.617,0.658,3,1909,771.1698455810547,2025-09-07T11:52:40.284859,0.0005,40,0.01,183,0.617,0.6192,0.617,0.6167,0.6412053258584443,0.5811368688472531,0.6096951524237881,3149.0,0.5958946078431373,0.6551027281913102,0.6240975453232793,2969.0,0.6185499668507908,0.6181197985192817,0.6168963488735337,6118.0,0.6192165187666747,0.6170317097090553,0.616684479739674,6118.0,0.6627,0.6141,0.658,0.617
Bert + Deit,2,0.5119,0.6927,0.5119,0.6927,3,1844,771.1698455810547,2025-09-07T12:23:25.239372,0.0005,40,0.01,183,0.5119,0.2621,0.5119,0.3467,0.5119320039228507,1.0,0.6771891891891891,3132.0,0.0,0.0,0.0,2986.0,0.2559660019614253,0.5,0.33859459459459457,6118.0,0.26207437664046557,0.5119320039228507,0.346674818656512,6118.0,0.6933,0.5203,0.6927,0.5119
Bert + Deit,3,0.6394,0.6054,0.6394,0.6054,3,1854,771.1698455810547,2025-09-07T12:54:20.235624,0.0005,40,0.01,183,0.6394,0.6461,0.6394,0.6377,0.682545731707317,0.566055625790139,0.6188666205943331,3164.0,0.6070406410990269,0.7180094786729858,0.6578784119106699,2954.0,0.644793186403172,0.6420325522315624,0.6383725162525015,6118.0,0.6460890403609801,0.6394246485779667,0.6377029774999328,6118.0,0.6439,0.6277,0.6054,0.6394
Bert + Deit,4,0.6103,0.665,0.6103,0.665,3,1851,771.1698455810547,2025-09-07T13:25:12.268956,0.0005,40,0.01,183,0.6103,0.6132,0.6103,0.6108,0.6463374212794166,0.5968778696051423,0.6206238064926799,3267.0,0.5752982908739116,0.625745352507892,0.5994623655913978,2851.0,0.6108178560766642,0.6113116110565171,0.6100430860420388,6118.0,0.6132330471725035,0.610330173259235,0.6107625335260969,6118.0,0.6652,0.6158,0.665,0.6103
Bert + Deit,5,0.6647,0.5953,0.6647,0.5953,3,1860,771.1698455810547,2025-09-07T13:56:13.067955,0.0005,40,0.01,183,0.6647,0.693,0.6647,0.6556,0.7691933916423712,0.5009493670886076,0.6067458796473745,3160.0,0.6116720019699582,0.8394727948631294,0.7076923076923076,2959.0,0.6904326968061647,0.6702110809758686,0.657219093669841,6119.0,0.6930198678573295,0.6646510867788854,0.6555611240639388,6119.0,0.6511,0.5953,0.5953,0.6647
Bert + Mobilevit,1,0.856,0.2852,0.856,0.2852,3,2184,462.2212371826172,2025-09-07T14:32:52.482250,0.0005,40,0.01,183,0.856,0.8569,0.856,0.8558,0.841566265060241,0.8872657986662432,0.8638120265883443,3149.0,0.8731236597569693,0.8228359717076457,0.8472342639153806,2969.0,0.8573449624086051,0.8550508851869445,0.8555231452518625,6118.0,0.8568807313653384,0.8559986923831318,0.8557670155755903,6118.0,0.2939,0.8489,0.2852,0.856
Bert + Mobilevit,2,0.8557,0.2864,0.8557,0.2864,3,2170,462.2212371826172,2025-09-07T15:09:03.006822,0.0005,40,0.01,183,0.8557,0.8563,0.8557,0.8555,0.8433587786259542,0.8818646232439336,0.8621819884501326,3132.0,0.8698557861413999,0.8281982585398526,0.8485160404872191,2986.0,0.856607282383677,0.8550314408918931,0.8553490144686758,6118.0,0.856291119986059,0.8556717881660674,0.8555120766133787,6118.0,0.2924,0.8542,0.2864,0.8557
Bert + Mobilevit,3,0.85,0.2865,0.85,0.2865,3,2165,462.2212371826172,2025-09-07T15:45:08.536378,0.0005,40,0.01,183,0.85,0.8527,0.85,0.8499,0.8853809196980096,0.8154235145385588,0.8489634748272459,3164.0,0.8177278401997503,0.8869329722410291,0.8509256252029879,2954.0,0.85155437994888,0.8511782433897939,0.8499445500151168,6118.0,0.8527154739906122,0.8499509643674403,0.8499108746654187,6118.0,0.2958,0.8503,0.2865,0.85
Bert + Mobilevit,4,0.8491,0.2932,0.8491,0.2932,3,2167,462.2212371826172,2025-09-07T16:21:15.913665,0.0005,40,0.01,183,0.8491,0.8554,0.8491,0.8492,0.9041379310344828,0.8025711662075299,0.8503324144640831,3267.0,0.7995649471721566,0.9024903542616626,0.8479156368429724,2851.0,0.8518514391033197,0.8525307602345962,0.8491240256535277,6118.0,0.8554067154425422,0.8491337038247794,0.8492061913523168,6118.0,0.2927,0.8475,0.2932,0.8491
Bert + Mobilevit,5,0.8562,0.2841,0.8562,0.2841,3,2167,462.2212371826172,2025-09-07T16:57:23.471666,0.0005,40,0.01,183,0.8562,0.8565,0.8562,0.8562,0.8689320388349514,0.8496835443037974,0.8592,3160.0,0.8431825685044569,0.863129435620142,0.8530394121576487,2959.0,0.8560573036697041,0.8564064899619697,0.8561197060788244,6119.0,0.8564802194677456,0.8561856512502043,0.856220889128041,6119.0,0.2951,0.8502,0.2841,0.8562
Bert + Vit-Tiny,1,0.6438,0.6172,0.6438,0.6172,3,1394,462.7506561279297,2025-09-07T17:20:52.698636,0.0005,40,0.01,183,0.6438,0.6593,0.6438,0.6381,0.7123467600700525,0.5166719593521752,0.5989324498435485,3149.0,0.6030255607720396,0.7787133715055574,0.6797001322945759,2969.0,0.657686160421046,0.6476926654288664,0.6393162910690622,6118.0,0.6592943506689737,0.643837855508336,0.6381281427492531,6118.0,0.6528,0.6138,0.6172,0.6438
Bert + Vit-Tiny,2,0.8563,0.2708,0.8563,0.2708,3,1390,462.7506561279297,2025-09-07T17:44:03.745084,0.0005,40,0.01,183,0.8563,0.8578,0.8563,0.856,0.8367713004484305,0.8936781609195402,0.8642890226956925,3132.0,0.8799134511359539,0.8171466845277964,0.847369334953985,2986.0,0.8583423757921922,0.8554124227236684,0.8558291788248388,6118.0,0.8578276034809484,0.8563255966001961,0.8560310646053462,6118.0,0.4232,0.7651,0.2708,0.8563
Bert + Vit-Tiny,3,0.713,0.5462,0.713,0.5462,3,1404,462.7506561279297,2025-09-07T18:07:28.227265,0.0005,40,0.01,183,0.713,0.7417,0.713,0.7067,0.8262279888785913,0.5635271807838179,0.6700488538143555,3164.0,0.6512626262626262,0.8730534867975627,0.7460225629158229,2954.0,0.7387453075706087,0.7182903337906903,0.7080357083650892,6118.0,0.7417481456017752,0.7129780974174567,0.7067318117557964,6118.0,0.592,0.6789,0.5462,0.713
Bert + Vit-Tiny,4,0.6025,0.6703,0.6581,0.6185,3,1366,462.7506561279297,2025-09-07T18:30:14.601154,0.0005,40,0.01,183,0.6581,0.6042,0.6025,0.6029,0.6345472123751209,0.6026936026936027,0.618210361067504,3267.0,0.569485903814262,0.60224482637671,0.5854074326628026,2851.0,0.6020165580946915,0.6024692145351563,0.6018088968651534,6118.0,0.6042285149728639,0.6024844720496895,0.6029241320904194,6118.0,0.6459,0.6376,0.6703,0.6025
Bert + Vit-Tiny,5,0.732,0.5191,0.732,0.5191,3,1378,462.7506561279297,2025-09-07T18:53:12.889767,0.0005,40,0.01,183,0.732,0.7778,0.732,0.723,0.8897435897435897,0.5490506329113924,0.6790606653620352,3160.0,0.6581914128088271,0.9273403176748901,0.7699214365881033,2959.0,0.7739675012762084,0.7381954752931412,0.7244910509750693,6119.0,0.7777705726574706,0.7319823500571989,0.722998730741662,6119.0,0.5558,0.7023,0.5191,0.732
Distilbert + Beit,1,0.7592,0.4411,0.7592,0.4411,3,1608,869.6110076904297,2025-09-07T22:08:39.929093,0.0005,40,0.01,183,0.7592,0.7611,0.7592,0.7583,0.7428985507246377,0.8139091775166719,0.7767843612668587,3149.0,0.780359820089955,0.7012462108454025,0.7386907929749866,2969.0,0.7616291854072963,0.7575776941810373,0.7577375771209227,6118.0,0.7610781042953515,0.7592350441320693,0.7582979597862166,6118.0,0.5135,0.7201,0.4411,0.7592
Distilbert + Beit,2,0.7457,0.489,0.7457,0.489,3,1621,869.6110076904297,2025-09-07T22:35:41.107056,0.0005,40,0.01,183,0.7457,0.746,0.7457,0.7453,0.7393681652490887,0.777139208173691,0.7577833125778332,3132.0,0.7530077848549186,0.7126590756865372,0.7322780454232621,2986.0,0.7461879750520036,0.7448991419301141,0.7450306790005476,6118.0,0.7460252270573606,0.7456685191238966,0.7453350079482893,6118.0,0.5415,0.7099,0.489,0.7457
Distilbert + Beit,3,0.7141,0.5325,0.7141,0.5325,3,1602,869.6110076904297,2025-09-07T23:02:23.479501,0.0005,40,0.01,183,0.7141,0.7254,0.7141,0.7085,0.6809000255689082,0.8416561314791403,0.7527915194346289,3164.0,0.7729950158586316,0.5775220040622884,0.6611121875605502,2954.0,0.7269475207137699,0.7095890677707144,0.7069518534975896,6118.0,0.7253669430772186,0.7141222621771821,0.7085252974084719,6118.0,0.5607,0.6926,0.5325,0.7141
Distilbert + Beit,4,0.7388,0.5031,0.7388,0.5031,3,1603,869.6110076904297,2025-09-07T23:29:07.349887,0.0005,40,0.01,183,0.7388,0.7395,0.7388,0.7372,0.7332960581492871,0.802877257422712,0.7665108123904151,3267.0,0.7465564738292011,0.6653805682216766,0.7036350148367952,2851.0,0.739926265989244,0.7341289128221943,0.7350729136136052,6118.0,0.7394754378654418,0.7388035305655443,0.7372105674042481,6118.0,0.566,0.6875,0.5031,0.7388
Distilbert + Beit,5,0.7416,0.4882,0.7416,0.4882,3,1606,869.6110076904297,2025-09-07T23:55:54.043712,0.0005,40,0.01,183,0.7416,0.7442,0.7416,0.7402,0.7237177670728252,0.8082278481012658,0.7636417999701002,3160.0,0.766023166023166,0.6704967894558973,0.7150837988826816,2959.0,0.7448704665479956,0.7393623187785816,0.7393627994263909,6119.0,0.7441756320007642,0.7416244484392874,0.7401603282888334,6119.0,0.5545,0.7009,0.4882,0.7416
Distilbert + Deit,1,0.896,0.1814,0.896,0.1814,3,1853,846.4579238891602,2025-09-08T09:44:46.958322,0.0005,40,0.01,183,0.896,0.8961,0.896,0.8961,0.9005419190309213,0.8971101937122896,0.8988227807826916,3149.0,0.8913116403891311,0.8949141124957898,0.8931092436974789,2969.0,0.8959267797100262,0.8960121531040397,0.8959660122400852,6118.0,0.8960625634755969,0.8960444589735208,0.8960500623116232,6118.0,0.1855,0.8938,0.1814,0.896
Distilbert + Deit,2,0.8977,0.1853,0.8977,0.1853,3,1851,846.4579238891602,2025-09-08T10:15:39.142679,0.0005,40,0.01,183,0.8977,0.8977,0.8977,0.8977,0.8950189155107188,0.9064495530012772,0.9006979695431472,3132.0,0.9005431093007468,0.8884795713328868,0.894470667565745,2986.0,0.8977810124057328,0.897464562167082,0.8975843185544461,6118.0,0.8977150977037596,0.8976789800588427,0.8976586227460692,6118.0,0.1814,0.8959,0.1853,0.8977
Distilbert + Deit,3,0.8928,0.1861,0.8928,0.1861,3,1850,846.4579238891602,2025-09-08T10:46:30.092914,0.0005,40,0.01,183,0.8928,0.8931,0.8928,0.8928,0.906351263771873,0.884007585335019,0.8950400000000001,3164.0,0.878957783641161,0.9021665538253216,0.8904109589041097,2954.0,0.892654523706517,0.8930870695801703,0.8927254794520549,6118.0,0.893124663525694,0.8927754168028768,0.8928049252374535,6118.0,0.1869,0.8922,0.1861,0.8928
Distilbert + Deit,4,0.8916,0.1888,0.8916,0.1888,3,1859,846.4579238891602,2025-09-08T11:17:30.003262,0.0005,40,0.01,183,0.8916,0.8917,0.8916,0.8915,0.890053924505692,0.9093970003060912,0.8996214988644966,3267.0,0.8935251798561151,0.8712732374605402,0.8822589238145978,2851.0,0.8917895521809036,0.8903351188833157,0.8909402113395473,6118.0,0.8916715363075972,0.8916312520431514,0.8915305048358497,6118.0,0.19,0.8887,0.1888,0.8916
Distilbert + Deit,5,0.8931,0.187,0.8931,0.187,3,2403,846.4579238891602,2025-09-08T11:57:33.955634,0.0005,40,0.01,183,0.8931,0.8935,0.8931,0.893,0.8834149326805385,0.9136075949367088,0.8982576228998134,3160.0,0.9042441248684672,0.8712402838796891,0.887435456110155,2959.0,0.8938295287745028,0.892423939408199,0.8928465395049842,6119.0,0.893487424866203,0.8931197908154928,0.8930242855030819,6119.0,0.1927,0.8862,0.187,0.8931
Distilbert + Mobilevit,1,0.8472,0.4037,0.8553,0.3944,3,1658,537.5093154907227,2025-09-07T09:28:59.810038,0.0005,40,0.01,183,0.8553,0.8482,0.8472,0.8472,0.869,0.8278818672594475,0.8479427549194991,3149.0,0.826170622193714,0.8676321993937353,0.8463939543288976,2969.0,0.847585311096857,0.8477570333265914,0.8471683546241984,6118.0,0.8482153607867173,0.847172278522393,0.847191138549199,6118.0,0.4076,0.8461,0.4037,0.8472
Distilbert + Mobilevit,2,0.8138,0.4669,0.8856,0.3374,3,1672,537.5093154907227,2025-09-07T09:56:52.196088,0.0005,40,0.01,183,0.8856,0.8551,0.8138,0.8073,0.7381123058542414,0.9862707535121328,0.844335110017767,3132.0,0.9777547853078117,0.6329537843268587,0.7684488717218947,2986.0,0.8579335455810265,0.8096122689194958,0.8063919908698308,6118.0,0.8550741305761048,0.8138280483818241,0.8072974657628674,6118.0,0.4696,0.8378,0.4669,0.8138
Distilbert + Mobilevit,3,0.8411,0.4986,0.8411,0.4986,3,1677,537.5093154907227,2025-09-07T10:24:49.640001,0.0005,40,0.01,183,0.8411,0.8466,0.8411,0.8401,0.8070028011204482,0.9105562579013906,0.8556578556578557,3164.0,0.8889324960753532,0.7667569397427217,0.8233369683751363,2954.0,0.8479676485979006,0.8386565988220562,0.839497412016496,6118.0,0.8465615325517639,0.8411245505067015,0.8400521183199751,6118.0,0.5185,0.8275,0.4986,0.8411
Distilbert + Mobilevit,4,0.9005,0.3341,0.9005,0.3341,3,1674,537.5093154907227,2025-09-07T10:52:44.712399,0.0005,40,0.01,183,0.9005,0.9005,0.9005,0.9004,0.8979041916167665,0.9179675543311907,0.9078250340547903,3267.0,0.9035277177825773,0.8803928446159243,0.8918102682536863,2851.0,0.9007159546996719,0.8991801994735575,0.8998176511542383,6118.0,0.9005247658401608,0.9004576659038902,0.900362121779709,6118.0,0.3498,0.8685,0.3341,0.9005
Distilbert + Mobilevit,5,0.6012,0.5966,0.8016,0.564,3,1671,537.5093154907227,2025-09-07T11:20:36.282566,0.0005,40,0.01,183,0.8016,0.7723,0.6012,0.5174,0.5643546657132642,0.9990506329113924,0.7212702764450537,3160.0,0.9942857142857143,0.1764109496451504,0.29965556831228474,2959.0,0.7793201899994893,0.5877307912782714,0.5104629223786692,6119.0,0.7722588939737447,0.60124203301193,0.5173876287305802,6119.0,0.4738,0.8231,0.5966,0.6012
Distilbert + Vit-Tiny,1,0.9126,0.1666,0.9126,0.1666,3,1360,538.0387344360352,2025-09-08T21:28:27.932904,0.0005,40,0.01,183,0.9126,0.9174,0.9126,0.9124,0.9621640735502122,0.8640838361384566,0.9104902124811778,3149.0,0.8699088145896656,0.9639609296059279,0.9145230867550728,2969.0,0.9160364440699389,0.9140223828721923,0.9125066496181253,6118.0,0.9173935825639645,0.9125531219352729,0.912447323255809,6118.0,0.1723,0.9079,0.1666,0.9126
Distilbert + Vit-Tiny,2,0.905,0.1751,0.905,0.1751,3,1353,538.0387344360352,2025-09-08T21:51:01.347941,0.0005,40,0.01,183,0.905,0.9053,0.905,0.905,0.9164218086842965,0.8962324393358876,0.9062146892655366,3132.0,0.8936170212765957,0.9142665773610181,0.9038238702201623,2986.0,0.905019414980446,0.9052495083484529,0.9050192797428495,6118.0,0.9052915217932546,0.9050343249427918,0.9050478070050777,6118.0,0.1819,0.9036,0.1751,0.905
Distilbert + Vit-Tiny,3,0.8918,0.1882,0.8918,0.1882,3,1367,538.0387344360352,2025-09-08T22:13:49.312893,0.0005,40,0.01,183,0.8918,0.8924,0.8918,0.8918,0.9093586387434555,0.8783185840707964,0.8935691318327973,3164.0,0.8742651861528413,0.9062288422477996,0.8899601063829788,2954.0,0.8918119124481484,0.892273713159298,0.8917646191078881,6118.0,0.8924142028244175,0.8917947041516836,0.8918265589039376,6118.0,0.1951,0.8919,0.1882,0.8918
Distilbert + Vit-Tiny,4,0.8975,0.1845,0.8975,0.1845,3,1370,538.0387344360352,2025-09-08T22:36:39.954006,0.0005,40,0.01,183,0.8975,0.9005,0.8975,0.8976,0.9362194315928619,0.8671564126109581,0.900365485460035,3267.0,0.8596377749029754,0.9323044545773412,0.8944977284199899,2851.0,0.8979286032479187,0.8997304335941496,0.8974316069400124,6118.0,0.9005322293661756,0.8975155279503105,0.8976310991702068,6118.0,0.19,0.8943,0.1845,0.8975
Distilbert + Vit-Tiny,5,0.8993,0.1897,0.9006,0.1897,3,1362,538.0387344360352,2025-09-08T22:59:22.258644,0.0005,40,0.01,183,0.9006,0.8994,0.8993,0.8993,0.9050955414012739,0.899367088607595,0.9022222222222223,3160.0,0.8932527693856999,0.8992903007772897,0.8962613674637926,2959.0,0.8991741553934869,0.8993286946924424,0.8992417948430074,6119.0,0.8993686640693432,0.899329955875143,0.8993396974256552,6119.0,0.1875,0.8945,0.1897,0.8993
Mobilebert + Beit,1,0.5147,,0.5147,,3,2017,448.6617889404297,2025-09-07T19:27:05.000389,0.0005,40,0.01,183,0.5147,0.2649,0.5147,0.3498,0.514710689767898,1.0,0.679615841156793,3149.0,0.0,0.0,0.0,2969.0,0.257355344883949,0.5,0.3398079205783965,6118.0,0.26492709416134536,0.514710689767898,0.3498055383790031,6118.0,,0.5199,,0.5147
Mobilebert + Beit,2,0.5119,,0.5119,,3,2014,448.6617889404297,2025-09-07T20:00:39.529172,0.0005,40,0.01,183,0.5119,0.2621,0.5119,0.3467,0.5119320039228507,1.0,0.6771891891891891,3132.0,0.0,0.0,0.0,2986.0,0.2559660019614253,0.5,0.33859459459459457,6118.0,0.26207437664046557,0.5119320039228507,0.346674818656512,6118.0,,0.5206,,0.5119
Mobilebert + Beit,3,0.5172,,0.5172,,3,2021,448.6617889404297,2025-09-07T20:34:20.972937,0.0005,40,0.01,183,0.5172,0.2675,0.5172,0.3526,0.517162471395881,1.0,0.6817496229260935,3164.0,0.0,0.0,0.0,2954.0,0.2585812356979405,0.5,0.34087481146304677,6118.0,0.26745702182029546,0.517162471395881,0.35257531986566853,6118.0,,0.5193,,0.5172
Mobilebert + Beit,4,0.534,,0.534,,3,2018,448.6617889404297,2025-09-07T21:07:59.748854,0.0005,40,0.01,183,0.534,0.2852,0.534,0.3718,0.5339980385746976,1.0,0.6962173681406499,3267.0,0.0,0.0,0.0,2851.0,0.2669990192873488,0.5,0.34810868407032497,6118.0,0.28515390520162426,0.5339980385746976,0.37177870900874527,6118.0,,0.5151,,0.534
Mobilebert + Beit,5,0.5164,,0.5164,,3,2016,448.6617889404297,2025-09-07T21:41:36.554638,0.0005,40,0.01,183,0.5164,0.2667,0.5164,0.3517,0.516424252328812,1.0,0.6811078780040953,3160.0,0.0,0.0,0.0,2959.0,0.258212126164406,0.5,0.34055393900204767,6119.0,0.26669400839337243,0.516424252328812,0.3517406266535285,6119.0,,0.5195,,0.5164
Mobilebert + Deit,1,0.4853,0.7406,0.4853,0.7406,3,2243,424.00577545166016,2025-09-08T06:43:53.333090,0.0005,40,0.01,183,0.4853,0.2355,0.4853,0.3171,0.0,0.0,0.0,3149.0,0.485289310232102,1.0,0.6534609882249367,2969.0,0.242644655116051,0.5,0.32673049411246835,6118.0,0.2355057146255493,0.485289310232102,0.31711763223926726,6118.0,0.7283,0.4885,0.7406,0.4853
Mobilebert + Deit,2,0.5119,0.7598,0.5119,0.7598,3,2237,424.00577545166016,2025-09-08T07:21:11.272761,0.0005,40,0.01,183,0.5119,0.2621,0.5119,0.3467,0.5119320039228507,1.0,0.6771891891891891,3132.0,0.0,0.0,0.0,2986.0,0.2559660019614253,0.5,0.33859459459459457,6118.0,0.26207437664046557,0.5119320039228507,0.346674818656512,6118.0,0.7431,0.5207,0.7598,0.5119
Mobilebert + Deit,3,0.4828,0.7035,0.4828,0.7035,3,2249,424.00577545166016,2025-09-08T07:58:41.162403,0.0005,40,0.01,183,0.4828,0.2331,0.4828,0.3144,0.0,0.0,0.0,3164.0,0.482837528604119,1.0,0.6512345679012346,2954.0,0.2414187643020595,0.5,0.3256172839506173,6118.0,0.23313207902853345,0.482837528604119,0.3144404893070034,6118.0,0.7191,0.4978,0.7035,0.4828
Mobilebert + Deit,4,0.534,0.7178,0.534,0.7178,3,2253,424.00577545166016,2025-09-08T08:36:14.822189,0.0005,40,0.01,183,0.534,0.2852,0.534,0.3718,0.5339980385746976,1.0,0.6962173681406499,3267.0,0.0,0.0,0.0,2851.0,0.2669990192873488,0.5,0.34810868407032497,6118.0,0.28515390520162426,0.5339980385746976,0.37177870900874527,6118.0,0.7688,0.5132,0.7178,0.534
Mobilebert + Deit,5,0.4836,0.8612,0.4836,0.8612,3,2243,424.00577545166016,2025-09-08T09:13:38.558770,0.0005,40,0.01,183,0.4836,0.2338,0.4836,0.3152,0.0,0.0,0.0,3160.0,0.4835757476711881,1.0,0.6519057061026657,2959.0,0.24178787383559405,0.5,0.32595285305133287,6119.0,0.23384550373574858,0.4835757476711881,0.3152457892397104,6119.0,0.8092,0.4815,0.8612,0.4836
Mobilebert + Mobilevit,1,0.4853,0.697,0.5147,0.696,3,2065,115.05716705322266,2025-09-08T03:47:56.566461,0.0005,40,0.01,183,0.5147,0.2355,0.4853,0.3171,0.0,0.0,0.0,3149.0,0.485289310232102,1.0,0.6534609882249367,2969.0,0.242644655116051,0.5,0.32673049411246835,6118.0,0.2355057146255493,0.485289310232102,0.31711763223926726,6118.0,0.712,0.5021,0.697,0.4853
Mobilebert + Mobilevit,2,0.4881,0.7578,0.5119,0.6929,3,2074,115.05716705322266,2025-09-08T04:22:31.712618,0.0005,40,0.01,183,0.5119,0.2382,0.4881,0.3202,0.0,0.0,0.0,3132.0,0.4880679960771494,1.0,0.6559753954305799,2986.0,0.2440339980385747,0.5,0.32798769771528996,6118.0,0.23821036879476432,0.4880679960771494,0.3201605967237188,6118.0,0.7575,0.4889,0.7578,0.4881
Mobilebert + Mobilevit,3,0.4828,0.7074,0.4828,0.7074,3,2075,115.05716705322266,2025-09-08T04:57:07.713317,0.0005,40,0.01,183,0.4828,0.2331,0.4828,0.3144,0.0,0.0,0.0,3164.0,0.482837528604119,1.0,0.6512345679012346,2954.0,0.2414187643020595,0.5,0.3256172839506173,6118.0,0.23313207902853345,0.482837528604119,0.3144404893070034,6118.0,0.7634,0.4829,0.7074,0.4828
Mobilebert + Mobilevit,4,0.534,0.8691,0.534,0.8512,3,2072,115.05716705322266,2025-09-08T05:31:40.820364,0.0005,40,0.01,183,0.534,0.2852,0.534,0.3718,0.5339980385746976,1.0,0.6962173681406499,3267.0,0.0,0.0,0.0,2851.0,0.2669990192873488,0.5,0.34810868407032497,6118.0,0.28515390520162426,0.5339980385746976,0.37177870900874527,6118.0,0.8986,0.5146,0.8691,0.534
Mobilebert + Mobilevit,5,0.5164,0.7184,0.5164,0.7092,3,2073,115.05716705322266,2025-09-08T06:06:14.655315,0.0005,40,0.01,183,0.5164,0.2667,0.5164,0.3517,0.516424252328812,1.0,0.6811078780040953,3160.0,0.0,0.0,0.0,2959.0,0.258212126164406,0.5,0.34055393900204767,6119.0,0.26669400839337243,0.516424252328812,0.3517406266535285,6119.0,0.7272,0.5158,0.7184,0.5164
Mobilebert + Vit-Tiny,1,0.5147,0.8966,0.5147,0.8966,3,1794,115.58658599853516,2025-09-08T19:06:25.887444,0.0005,40,0.01,183,0.5147,0.2649,0.5147,0.3498,0.514710689767898,1.0,0.679615841156793,3149.0,0.0,0.0,0.0,2969.0,0.257355344883949,0.5,0.3398079205783965,6118.0,0.26492709416134536,0.514710689767898,0.3498055383790031,6118.0,0.9157,0.5199,0.8966,0.5147
Mobilebert + Vit-Tiny,2,0.5119,0.7804,0.5119,0.7804,3,1784,115.58658599853516,2025-09-08T19:36:10.608753,0.0005,40,0.01,183,0.5119,0.2621,0.5119,0.3467,0.5119320039228507,1.0,0.6771891891891891,3132.0,0.0,0.0,0.0,2986.0,0.2559660019614253,0.5,0.33859459459459457,6118.0,0.26207437664046557,0.5119320039228507,0.346674818656512,6118.0,0.7899,0.5206,0.7804,0.5119
Mobilebert + Vit-Tiny,3,0.5172,1.0803,0.5172,0.8381,3,1782,115.58658599853516,2025-09-08T20:05:53.563282,0.0005,40,0.01,183,0.5172,0.2675,0.5172,0.3526,0.517162471395881,1.0,0.6817496229260935,3164.0,0.0,0.0,0.0,2954.0,0.2585812356979405,0.5,0.34087481146304677,6118.0,0.26745702182029546,0.517162471395881,0.35257531986566853,6118.0,0.9632,0.5193,1.0803,0.5172
Mobilebert + Vit-Tiny,4,0.534,0.693,0.534,0.693,3,1784,115.58658599853516,2025-09-08T20:35:38.546964,0.0005,40,0.01,183,0.534,0.2852,0.534,0.3718,0.5339980385746976,1.0,0.6962173681406499,3267.0,0.0,0.0,0.0,2851.0,0.2669990192873488,0.5,0.34810868407032497,6118.0,0.28515390520162426,0.5339980385746976,0.37177870900874527,6118.0,0.726,0.5091,0.693,0.534
Mobilebert + Vit-Tiny,5,0.4836,0.8982,0.4836,0.8868,3,1793,115.58658599853516,2025-09-08T21:05:32.470748,0.0005,40,0.01,183,0.4836,0.2338,0.4836,0.3152,0.0,0.0,0.0,3160.0,0.4835757476711881,1.0,0.6519057061026657,2959.0,0.24178787383559405,0.5,0.32595285305133287,6119.0,0.23384550373574858,0.4835757476711881,0.3152457892397104,6119.0,0.8217,0.4814,0.8982,0.4836
Tinybert + Beit,1,0.7229,0.4855,0.7229,0.4855,3,1334,409.04371643066406,2025-09-08T00:18:22.759190,0.0005,40,0.01,183,0.7229,0.7264,0.7229,0.7226,0.7574362606232294,0.6792632581771991,0.7162230035158212,3149.0,0.6933819064966606,0.7692825867295385,0.7293629251157592,2969.0,0.725409083559945,0.7242729224533688,0.7227929643157902,6118.0,0.7263513672917842,0.7229486760379209,0.7225996670055589,6118.0,0.5522,0.6868,0.4855,0.7229
Tinybert + Beit,2,0.7584,0.4613,0.7584,0.4613,3,1303,409.04371643066406,2025-09-08T00:40:05.888853,0.0005,40,0.01,183,0.7584,0.761,0.7584,0.7574,0.738328530259366,0.8180076628352491,0.7761284459254773,3132.0,0.7847432024169184,0.695914266577361,0.7376641817536386,2986.0,0.7615358663381422,0.756960964706305,0.7568963138395579,6118.0,0.7609820462878805,0.7584177835894083,0.7573552695905459,6118.0,0.5334,0.7058,0.4613,0.7584
Tinybert + Beit,3,0.7158,0.5277,0.7158,0.5277,3,1303,409.04371643066406,2025-09-08T01:01:49.379496,0.0005,40,0.01,183,0.7158,0.7161,0.7158,0.7158,0.7302100161550888,0.7142857142857143,0.7221600894711614,3164.0,0.7009593119417797,0.7173324306025728,0.7090513635603145,2954.0,0.7155846640484342,0.7158090724441435,0.715605726515738,6118.0,0.7160866784228046,0.7157567832625041,0.7158307046492193,6118.0,0.5867,0.6776,0.5277,0.7158
Tinybert + Beit,4,0.7473,0.4838,0.7473,0.4838,3,1307,409.04371643066406,2025-09-08T01:23:36.999482,0.0005,40,0.01,183,0.7473,0.7493,0.7473,0.7476,0.7796555086122847,0.7343128252219161,0.7563051702395964,3267.0,0.7145675764551135,0.7621887057172921,0.7376103190767141,2851.0,0.7471115425336992,0.7482507654696041,0.7469577446581552,6118.0,0.7493244045619258,0.7473030402092187,0.7475933329291392,6118.0,0.5474,0.7097,0.4838,0.7473
Tinybert + Beit,5,0.7495,0.4742,0.7495,0.4742,3,1312,409.04371643066406,2025-09-08T01:45:29.361203,0.0005,40,0.01,183,0.7495,0.7496,0.7495,0.7495,0.76032,0.7518987341772152,0.7560859188544152,3160.0,0.7381429525718103,0.7468739438999662,0.7424827817906938,2959.0,0.7492314762859051,0.7493863390385906,0.7492843503225546,6119.0,0.7495957177087738,0.7494688674620036,0.7495077716781524,6119.0,0.5381,0.7059,0.4742,0.7495
Tinybert + Deit,1,0.8944,0.1811,0.8944,0.1811,3,1576,384.97364044189453,2025-09-08T16:51:44.553129,0.0005,40,0.01,183,0.8944,0.8944,0.8944,0.8944,0.8986938515450781,0.8958399491902191,0.8972646310432572,3149.0,0.8898959382343068,0.8928932300437857,0.8913920645595158,2969.0,0.8942948948896925,0.8943665896170024,0.8943283478013865,6118.0,0.8944243182630122,0.8944099378881988,0.8944147373050703,6118.0,0.1874,0.8925,0.1811,0.8944
Tinybert + Deit,2,0.9184,0.1614,0.9184,0.1614,3,1558,384.97364044189453,2025-09-08T17:17:43.225860,0.0005,40,0.01,183,0.9184,0.919,0.9184,0.9184,0.9354945418458485,0.9029374201787995,0.918927701056052,3132.0,0.9017770597738287,0.934695244474213,0.9179411281039302,2986.0,0.9186358008098385,0.9188163323265063,0.9184344145799912,6118.0,0.9190381179381906,0.9184373978424322,0.9184461863723261,6118.0,0.1706,0.9104,0.1614,0.9184
Tinybert + Deit,3,0.9469,0.131,0.9469,0.131,3,1569,384.97364044189453,2025-09-08T17:43:52.560139,0.0005,40,0.01,183,0.9469,0.9476,0.9469,0.9469,0.9655624795014759,0.9304677623261695,0.9476903267342669,3164.0,0.9283154121863799,0.9644549763033176,0.946040179312635,2954.0,0.9469389458439279,0.9474613693147436,0.9468652530234509,6118.0,0.9475781975713037,0.946878064727035,0.9468935736313737,6118.0,0.1434,0.9408,0.131,0.9469
Tinybert + Deit,4,0.8822,0.203,0.8822,0.203,3,1569,384.97364044189453,2025-09-08T18:10:01.784615,0.0005,40,0.01,183,0.8822,0.8823,0.8822,0.882,0.8781937017231135,0.9048056320783594,0.8913010704055481,3267.0,0.8869912790697675,0.8561908102420204,0.8713189362841335,2851.0,0.8825924903964405,0.8804982211601899,0.8813100033448408,6118.0,0.8822933900224451,0.8821510297482837,0.8819893567115055,6118.0,0.213,0.8787,0.203,0.8822
Tinybert + Deit,5,0.8794,0.1972,0.8794,0.1972,3,1575,384.97364044189453,2025-09-08T18:36:17.081420,0.0005,40,0.01,183,0.8794,0.8812,0.8794,0.8791,0.8574380165289256,0.9193037974683544,0.8872938301771532,3160.0,0.9066276089344563,0.8367691787766137,0.8702987697715291,2959.0,0.882032812731691,0.878036488122484,0.8787962999743412,6119.0,0.8812249104540711,0.8793920575257395,0.8790754311347866,6119.0,0.2179,0.8689,0.1972,0.8794
Tinybert + Mobilevit,1,0.9645,0.1844,0.9645,0.1844,3,3279,76.02503204345703,2025-09-08T12:53:25.554304,0.0005,40,0.01,183,0.9645,0.9646,0.9645,0.9645,0.958411507191995,0.9733248650365195,0.9658106191901685,3149.0,0.9712328767123287,0.9552037723139104,0.9631516386483273,2969.0,0.9648221919521618,0.9642643186752149,0.9644811289192479,6118.0,0.9646335807627487,0.9645308924485125,0.9645202443570977,6118.0,0.1856,0.9727,0.1844,0.9645
Tinybert + Mobilevit,2,0.9618,0.1845,0.9618,0.1845,3,3316,76.02503204345703,2025-09-08T13:48:42.041566,0.0005,40,0.01,183,0.9618,0.9621,0.9618,0.9617,0.95,0.9766922094508301,0.9631612090680101,3132.0,0.9748102139406487,0.9460817146684528,0.960231135282121,2986.0,0.9624051069703243,0.9613869620596415,0.9616961721750655,6118.0,0.9621090714002576,0.9617522066034652,0.9617311338269731,6118.0,0.1807,0.9729,0.1845,0.9618
Tinybert + Mobilevit,3,0.965,0.184,0.965,0.184,3,3345,76.02503204345703,2025-09-08T14:44:27.359411,0.0005,40,0.01,183,0.965,0.9651,0.965,0.965,0.9612257661038149,0.9715549936788875,0.9663627790003144,3164.0,0.9691780821917808,0.9580230196343941,0.9635682669390535,2954.0,0.9652019241477978,0.9647890066566408,0.964965522969684,6118.0,0.9650654427504072,0.9650212487741092,0.9650134837030008,6118.0,0.1803,0.976,0.184,0.965
Tinybert + Mobilevit,4,0.9631,0.1821,0.9631,0.1821,3,3327,76.02503204345703,2025-09-08T15:39:55.510715,0.0005,40,0.01,183,0.9631,0.9631,0.9631,0.9631,0.9634257848217007,0.9675543311906948,0.9654856444715944,3267.0,0.9626365879450124,0.9579095054366888,0.960267229254571,2851.0,0.9630311863833565,0.9627319183136918,0.9628764368630827,6118.0,0.9630580175292133,0.9630598234717228,0.9630538527449298,6118.0,0.1776,0.9734,0.1821,0.9631
Tinybert + Mobilevit,5,0.9634,0.1686,0.9634,0.1686,3,2717,76.02503204345703,2025-09-08T16:25:13.436197,0.0005,40,0.01,183,0.9634,0.9634,0.9634,0.9634,0.9622166246851386,0.9670886075949368,0.9646464646464646,3160.0,0.964661909616038,0.9594457587022642,0.9620467638088783,2959.0,0.9634392671505883,0.9632671831486005,0.9633466142276714,6119.0,0.9633991051738674,0.9633927112273247,0.9633893123702073,6119.0,0.159,0.9772,0.1686,0.9634
Tinybert + Vit-Tiny,1,0.964,0.0951,0.964,0.0951,3,1049,76.55445098876953,2025-09-08T02:03:13.130117,0.0005,40,0.01,183,0.964,0.9641,0.964,0.964,0.9589470385459103,0.9717370593839314,0.9652996845425866,3149.0,0.9695934403826444,0.9558773997979118,0.9626865671641791,2969.0,0.9642702394642774,0.9638072295909216,0.9639931258533829,6118.0,0.9641136235497129,0.964040536122916,0.9640315666124638,6118.0,0.0924,0.9716,0.0951,0.964
Tinybert + Vit-Tiny,2,0.9748,0.0829,0.9748,0.0829,3,1054,76.55445098876953,2025-09-08T02:20:48.179820,0.0005,40,0.01,183,0.9748,0.9749,0.9748,0.9748,0.9697160883280758,0.9814814814814815,0.975563313233894,3132.0,0.980325644504749,0.9678499665103818,0.9740478597910347,2986.0,0.9750208664164124,0.9746657239959317,0.9748055865124643,6118.0,0.9748942731504926,0.9748283752860412,0.9748236689088894,6118.0,0.0817,0.9761,0.0829,0.9748
Tinybert + Vit-Tiny,3,0.9675,0.0957,0.9675,0.0957,3,1056,76.55445098876953,2025-09-08T02:38:24.445311,0.0005,40,0.01,183,0.9675,0.9675,0.9675,0.9675,0.9634260706470772,0.9740834386852086,0.9687254439729688,3164.0,0.9719081877355259,0.9603926878808395,0.9661161246381748,2954.0,0.9676671291913015,0.9672380632830241,0.9674207843055718,6118.0,0.9675215550993945,0.9674730304020922,0.967465566674018,6118.0,0.0813,0.975,0.0957,0.9675
Tinybert + Vit-Tiny,4,0.9796,0.0647,0.9796,0.0647,3,1045,76.55445098876953,2025-09-08T02:55:50.005854,0.0005,40,0.01,183,0.9796,0.9796,0.9796,0.9796,0.9833846153846154,0.9782675237220692,0.9808193954273439,3267.0,0.9752440725244073,0.98105927744651,0.9781430319986011,2851.0,0.9793143439545113,0.9796634005842896,0.9794812137129725,6118.0,0.9795911064446916,0.9795684864334749,0.9795722048200629,6118.0,0.0607,0.9848,0.0647,0.9796
Tinybert + Vit-Tiny,5,0.9809,0.0653,0.9809,0.0653,3,1046,76.55445098876953,2025-09-08T03:13:16.713096,0.0005,40,0.01,183,0.9809,0.9809,0.9809,0.9809,0.9804231133564888,0.9825949367088608,0.9815078236130867,3160.0,0.9813685636856369,0.9790469753295032,0.9802063948570462,2959.0,0.9808958385210629,0.9808209560191821,0.9808571092350664,6119.0,0.9808803102062926,0.9808792286321294,0.9808784842293437,6119.0,0.0624,0.9825,0.0653,0.9809
MMTD,1,,,,,3,,1029.2790613174438,2025-09-10 22:45:01,0.0005,40,,,1.0,1.0,1.0,1.0,,,,,,,,,,,,,,,,,,,,
MMTD,2,,,,,3,,1029.2790613174438,2025-09-10 22:45:01,0.0005,40,,,0.992,0.99,0.99,0.99,,,,,,,,,,,,,,,,,,,,
MMTD,3,,,,,3,,1029.2790613174438,2025-09-10 22:45:01,0.0005,40,,,0.999,1.0,1.0,1.0,,,,,,,,,,,,,,,,,,,,
MMTD,4,,,,,3,,1029.2790613174438,2025-09-10 22:45:01,0.0005,40,,,0.999,1.0,1.0,1.0,,,,,,,,,,,,,,,,,,,,
MMTD,5,,,,,3,,1029.2790613174438,2025-09-10 22:45:01,0.0005,40,,,1.0,1.0,1.0,1.0,,,,,,,,,,,,,,,,,,,,